Product Name,Image Filename,Image URL
"Professional","Professional.jpg","https://assets.birlaopus.com/is/content/grasimindustries/alert-strip-redirection-icon-15?ts=1722264150432"
"Style Color Smart","Style_Color_Smart.jpg","https://assets.birlaopus.com/is/content/grasimindustries/birla-opus-logo-v1?ts=1765266350792&dpr=off"
"Personal Colour Testing: Colour Quiz | Birla Opus ","Personal_Colour_Testing_Colour_Quiz_Birla_Opus_.jpg","https://assets.birlaopus.com/is/image/grasimindustries/quiz?ts=1731591087550&dpr=off"
"PIS","PIS.jpg","https://assets.birlaopus.com/is/image/grasimindustries/tools-and-resources-image-1?ts=1754091538472&dpr=off"
"Plugins | Birla Opus","Plugins_Birla_Opus.jpg","https://assets.birlaopus.com/is/image/grasimindustries/tools-and-resources-image-2?ts=1754091538484&dpr=off"
"Test certificates | Birla Opus ","Test_certificates_Birla_Opus_.jpg","https://assets.birlaopus.com/is/image/grasimindustries/tools-and-resources-image-3?ts=1754091538412&dpr=off"
"AinakWala","AinakWala.jpg","https://assets.birlaopus.com/is/image/grasimindustries/ainakwala-1?ts=1757575742906&dpr=off"
"Chirag Arora","Chirag_Arora.jpg","https://assets.birlaopus.com/is/image/grasimindustries/resident-project-01?ts=1757575732789&dpr=off"
"Nilay Design Studio","Nilay_Design_Studio.jpg","https://assets.birlaopus.com/is/image/grasimindustries/nilay-design-studio1?ts=1754091538435&dpr=off"
"ART MUMBAI","ART_MUMBAI.jpg","https://assets.birlaopus.com/is/image/grasimindustries/event-1?ts=1755093475787&dpr=off"
"Z-AXIS 2024","Z_AXIS_2024.jpg","https://assets.birlaopus.com/is/image/grasimindustries/event-2?ts=1755093490556&dpr=off"
"Design POV","Design_POV.jpg","https://assets.birlaopus.com/is/image/grasimindustries/image-01?ts=1760427878947&dpr=off"
"One Pure Elegance: Interior Paint | Birla Opus ","One_Pure_Elegance_Interior_Paint_Birla_Opus_.jpg","https://assets.birlaopus.com/is/image/grasimindustries/birlaopus-one-pure-elegance-web?ts=1782873506049&$grasim-png-transparent$&dpr=off"
"One Pro Smooth: Interior Primer | Birla Opus ","One_Pro_Smooth_Interior_Primer_Birla_Opus_.jpg","https://assets.birlaopus.com/is/image/grasimindustries/packshot-smooth-primer?ts=1782873518416&$grasim-png-transparent$&dpr=off"
"One Pro Smooth: Interior Acrylic Putty | Birla Opus","One_Pro_Smooth_Interior_Acrylic_Putty_Birla_Opus.jpg","https://assets.birlaopus.com/is/image/grasimindustries/one-pro-smooth-acrylic-putty-websitemock?ts=1782873531012&$grasim-png-transparent$&dpr=off"
"Calista Neo Star: Emulsion Paint | Birla Opus","Calista_Neo_Star_Emulsion_Paint_Birla_Opus.jpg","https://assets.birlaopus.com/is/image/grasimindustries/birla-opus-calista-neo-star?ts=1782873544039&$grasim-png-transparent$&dpr=off"
"Calista Neo Star Shine: Emulsion Paint | Birla Opus","Calista_Neo_Star_Shine_Emulsion_Paint_Birla_Opus.jpg","https://assets.birlaopus.com/is/image/grasimindustries/birla-opus-calista-neostarshine-websitemock?ts=1782873554360&$grasim-png-transparent$&dpr=off"
"Calista Everclear: Emulsion Paint | Birla Opus","Calista_Everclear_Emulsion_Paint_Birla_Opus.jpg","https://assets.birlaopus.com/is/image/grasimindustries/birla-opus-calista-ever-clear-packshot?ts=1782873569522&$grasim-png-transparent$&dpr=off"
"Style Colour Smart: Interior Wall Paint | Birla Opus","Style_Colour_Smart_Interior_Wall_Paint_Birla_Opus.jpg","https://assets.birlaopus.com/is/image/grasimindustries/birlaopus-style-color-smart-web?ts=1782873584258&$grasim-png-transparent$&dpr=off"
"Style Super Bright: Exterior Acrylic Distemper | Birla Opus","Style_Super_Bright_Exterior_Acrylic_Distemper_Birla_Opus.jpg","https://assets.birlaopus.com/is/image/grasimindustries/birlaopus-style-super-bright-distemper-web?ts=1782873629316&$grasim-png-transparent$&dpr=off"
"Style Power Fit: Exterior Emulsion Paint | Birla Opus","Style_Power_Fit_Exterior_Emulsion_Paint_Birla_Opus.jpg","https://assets.birlaopus.com/is/image/grasimindustries/birlaopus-style-powerfit-websitemock?ts=1782873639869&$grasim-png-transparent$&dpr=off"
"All Drywall Fix: Waterproofing Solutions | Birla Opus","All_Drywall_Fix_Waterproofing_Solutions_Birla_Opus.jpg","https://assets.birlaopus.com/is/image/grasimindustries/all-dry-wall-fix-packshot?ts=1782873655471&$grasim-png-transparent$&dpr=off"
"All Dry Salt Seal: Waterproofing Primer | Birla Opus","All_Dry_Salt_Seal_Waterproofing_Primer_Birla_Opus.jpg","https://assets.birlaopus.com/is/image/grasimindustries/all-dry-salt-seal-packshot?ts=1782873668643&$grasim-png-transparent$&dpr=off"
"All Dry 2K: Waterproof Coating | Birla Opus","All_Dry_2K_Waterproof_Coating_Birla_Opus.jpg","https://assets.birlaopus.com/is/image/grasimindustries/all-dry-total-2k-packshot-1?ts=1782873678799&$grasim-png-transparent$&dpr=off"
"Allwood: Interior Wood Melamine Polish | Birla Opus","Allwood_Interior_Wood_Melamine_Polish_Birla_Opus.jpg","https://assets.birlaopus.com/is/image/grasimindustries/allwood-melamine?ts=1782873696345&$grasim-png-transparent$&dpr=off"
"Allwood: Interior & Exterior Wood Paint | Birla Opus","Allwood_Interior_Exterior_Wood_Paint_Birla_Opus.jpg","https://assets.birlaopus.com/is/image/grasimindustries/allwood-softtouch?ts=1782873707271&$grasim-png-transparent$&dpr=off"
"Allwood: Italian PU Paint | Birla Opus ","Allwood_Italian_PU_Paint_Birla_Opus_.jpg","https://assets.birlaopus.com/is/image/grasimindustries/allwood-italian-pu-1l-fop?ts=1782873721581&$grasim-png-transparent$&dpr=off"
"Dopamine Home Decor Ideas | Birla Opus","Dopamine_Home_Decor_Ideas_Birla_Opus.jpg","https://assets.birlaopus.com/is/image/grasimindustries/dopamine-decor-room-with-a-yellow-sofa-and-lamp-aditya-birla-paints?ts=1740403672082&dpr=off"
"Tropical Flair Wallpaper: Interior Texture | Birla Opus","Tropical_Flair_Wallpaper_Interior_Texture_Birla_Opus.jpg","https://assets.birlaopus.com/is/image/grasimindustries/tropical-flair-wallpaper-for-living-space-aditya-birla-paint?ts=1740468418309&dpr=off"
"All About Paints | Birla Opus","All_About_Paints_Birla_Opus.jpg","https://assets.birlaopus.com/is/image/grasimindustries/all-about-paints-mega-menu?ts=1738437419035&dpr=off"
"Home Paint: Interior Wall Paint | Birla Opus ","Home_Paint_Interior_Wall_Paint_Birla_Opus_.jpg","https://assets.birlaopus.com/is/image/grasimindustries/homes-birla-opus?ts=1740405201945&dpr=off"
"DIY","DIY.jpg","https://assets.birlaopus.com/is/image/grasimindustries/megamanu-diy?ts=1738438306914&dpr=off"
"DIY","DIY.jpg","https://assets.birlaopus.com/is/image/grasimindustries/mega-menu?ts=1766469844473&dpr=off"
"Site Survey: Paint Planning | Birla Opus","Site_Survey_Paint_Planning_Birla_Opus.jpg","https://assets.birlaopus.com/is/image/grasimindustries/step-1-site-survey?ts=1731591230312&dpr=off"
"Consult Project Advisor: Paint Planning | Birla Opus","Consult_Project_Advisor_Paint_Planning_Birla_Opus.jpg","https://assets.birlaopus.com/is/image/grasimindustries/step-2-consult-project-advisor?ts=1740467464010&dpr=off"
"Colour Swatches: Paint Project | Birla Opus ","Colour_Swatches_Paint_Project_Birla_Opus_.jpg","https://assets.birlaopus.com/is/image/grasimindustries/step-4-try-it-before-you-buy-it?ts=1740467639254&dpr=off"
"Experience Store: Paint Studio | Birla Opus","Experience_Store_Paint_Studio_Birla_Opus.jpg","https://assets.birlaopus.com/is/image/grasimindustries/birla-opus-experience-store-aditya-birla-paint-2?ts=1731589891235&dpr=off"
"Franchise Store: Paint Gallery | Birla Opus","Franchise_Store_Paint_Gallery_Birla_Opus.jpg","https://assets.birlaopus.com/is/image/grasimindustries/birla-opus-franchise-store-aditya-birla-paint-1?ts=1731589923739&dpr=off"
"Paincraft Services: Birla Opus Paints ","Paincraft_Services_Birla_Opus_Paints_.jpg","https://assets.birlaopus.com/is/image/grasimindustries/paintcraft-powered?ts=1740567779685&dpr=off"
"Birla Opus contractors","Birla_Opus_contractors.jpg","https://assets.birlaopus.com/is/image/grasimindustries/find-a-contractor-banner-v1?ts=1753355245405&dpr=off"
"Style Color Smart","Style_Color_Smart.jpg","https://assets.birlaopus.com/is/content/grasimindustries/header-search-icon-36?ts=1722263241427"
"Style Color Smart","Style_Color_Smart.jpg","https://assets.birlaopus.com/is/content/grasimindustries/header-favorite?ts=1715240032095"
"Style Color Smart","Style_Color_Smart.jpg","https://assets.birlaopus.com/is/content/grasimindustries/header-add-to-cart?ts=1715240038062"
"Style Color Smart","Style_Color_Smart.jpg","https://assets.birlaopus.com/is/content/grasimindustries/header-profile?ts=1715240038138"
"Style Color Smart","Style_Color_Smart.jpg","https://assets.birlaopus.com/is/image/grasimindustries/ab-paints-small?ts=1765266370814&dpr=off"
"login-close","login_close.jpg","https://assets.birlaopus.com/is/content/grasimindustries/close-grey?ts=1715238931291&dpr=off"
"Style Color Smart","Style_Color_Smart.jpg","https://assets.birlaopus.com/is/content/grasimindustries/login-close?ts=1715255323159&dpr=off"
"Birla opus logo","Birla_opus_logo.jpg","https://assets.birlaopus.com/is/image/grasimindustries/form-logo?ts=1785258882772&dpr=off"
"Birla opus logo","Birla_opus_logo.jpg","https://assets.birlaopus.com/is/image/grasimindustries/form-logo?ts=1785258882772&dpr=off"
"Birla opus logo","Birla_opus_logo.jpg","https://assets.birlaopus.com/is/image/grasimindustries/form-logo?ts=1785258882772&dpr=off"
"Birla opus logo","Birla_opus_logo.jpg","https://assets.birlaopus.com/is/image/grasimindustries/form-logo?ts=1785258882772&dpr=off"
"Birla opus logo","Birla_opus_logo.jpg","https://assets.birlaopus.com/is/image/grasimindustries/form-logo?ts=1785258882772&dpr=off"
"Opus Logo","Opus_Logo.jpg","https://assets.birlaopus.com/is/image/grasimindustries/birla-opus-logo-favicon?ts=1753957038667&dpr=off"
"oiuyguhnij","oiuyguhnij.jpg","https://assets.birlaopus.com/is/content/grasimindustries/black-close-icon?ts=1754473250274&dpr=off"
"Birla Opus","Birla_Opus.jpg","https://assets.birlaopus.com/is/image/grasimindustries/banner2-1920x640?ts=1747909901636&dpr=off"
"Birla Opus","Birla_Opus.jpg","https://assets.birlaopus.com/is/image/grasimindustries/banner2-360x540?ts=1747909901104"
"Birla Opus","Birla_Opus.jpg","https://assets.birlaopus.com/is/image/grasimindustries/banner3-1920x640?ts=1747909901690&dpr=off"
"Birla Opus","Birla_Opus.jpg","https://assets.birlaopus.com/is/image/grasimindustries/banner3-360x540?ts=1747909901153"
"Birla Opus","Birla_Opus.jpg","https://assets.birlaopus.com/is/image/grasimindustries/botanical-588x504?ts=1747909901678&dpr=off"
"Birla Opus","Birla_Opus.jpg","https://assets.birlaopus.com/is/image/grasimindustries/botanical-296x312?ts=1747909901441"
"Birla Opus","Birla_Opus.jpg","https://assets.birlaopus.com/is/image/grasimindustries/checks-588x504?ts=1747909901330&dpr=off"
"Birla Opus","Birla_Opus.jpg","https://assets.birlaopus.com/is/image/grasimindustries/checks-296x312?ts=1747909901623"
"Birla Opus","Birla_Opus.jpg","https://assets.birlaopus.com/is/image/grasimindustries/geometric-588x504?ts=1747909901137&dpr=off"
"Birla Opus","Birla_Opus.jpg","https://assets.birlaopus.com/is/image/grasimindustries/geometric-296x312?ts=1747909901288"
"Birla Opus","Birla_Opus.jpg","https://assets.birlaopus.com/is/image/grasimindustries/plains-588x504?ts=1747909901214&dpr=off"
"Birla Opus","Birla_Opus.jpg","https://assets.birlaopus.com/is/image/grasimindustries/plains-296x312?ts=1747909901345"
"Birla Opus","Birla_Opus.jpg","https://assets.birlaopus.com/is/image/grasimindustries/stripes-588x504?ts=1747909901555&dpr=off"
"Birla Opus","Birla_Opus.jpg","https://assets.birlaopus.com/is/image/grasimindustries/stripes-296x312?ts=1747909901922"
"Birla Opus","Birla_Opus.jpg","https://assets.birlaopus.com/is/image/grasimindustries/texture-588x504?ts=1747909901400&dpr=off"
"Birla Opus","Birla_Opus.jpg","https://assets.birlaopus.com/is/image/grasimindustries/texture-296x312?ts=1747909901721"
"Birla Opus | Animal, Bird & Insect","Birla_Opus_Animal_Bird_Insect.jpg","https://assets.birlaopus.com/is/image/grasimindustries/animal-bird-insect-588x504?ts=1747909901569&dpr=off"
"Birla Opus | Animal, Bird & Insect","Birla_Opus_Animal_Bird_Insect.jpg","https://assets.birlaopus.com/is/image/grasimindustries/animal-bird-insect-296x312?ts=1747909901831"
"Birla Opus | Heritage collection","Birla_Opus_Heritage_collection.jpg","https://assets.birlaopus.com/is/image/grasimindustries/heritage-landscapes-588x504?ts=1747909901200&dpr=off"
"Birla Opus | Heritage collection","Birla_Opus_Heritage_collection.jpg","https://assets.birlaopus.com/is/image/grasimindustries/heritage-landscape-296x312?ts=1747909901359"
"Birla Opus | Florals","Birla_Opus_Florals.jpg","https://assets.birlaopus.com/is/image/grasimindustries/florals-588x504?ts=1747909901609&dpr=off"
"Birla Opus | Florals","Birla_Opus_Florals.jpg","https://assets.birlaopus.com/is/image/grasimindustries/florals-296x312?ts=1747909901428"
"Birla Opus | Food","Birla_Opus_Food.jpg","https://assets.birlaopus.com/is/image/grasimindustries/food-588x504?ts=1747909901526&dpr=off"
"Birla Opus | Food","Birla_Opus_Food.jpg","https://assets.birlaopus.com/is/image/grasimindustries/food-296x312?ts=1747909901583"
"Birla Opus | Ethnic","Birla_Opus_Ethnic.jpg","https://assets.birlaopus.com/is/image/grasimindustries/ethnic-588x504?ts=1747909901760&dpr=off"
"Birla Opus | Ethnic","Birla_Opus_Ethnic.jpg","https://assets.birlaopus.com/is/image/grasimindustries/ethnic-296x312?ts=1747909901470"
"Birla Opus | Bricks & Stones","Birla_Opus_Bricks_Stones.jpg","https://assets.birlaopus.com/is/image/grasimindustries/bricks-and-stone-588x504?ts=1747909901705&dpr=off"
"Birla Opus | Bricks & Stones","Birla_Opus_Bricks_Stones.jpg","https://assets.birlaopus.com/is/image/grasimindustries/bricks-and-stone-296x312?ts=1747909901121"
"Birla Opus | Woods","Birla_Opus_Woods.jpg","https://assets.birlaopus.com/is/image/grasimindustries/wood-588x504?ts=1747909901786&dpr=off"
"Birla Opus | Woods","Birla_Opus_Woods.jpg","https://assets.birlaopus.com/is/image/grasimindustries/wood-296x312?ts=1747909901179"
"Birla Opus | Natural Imitations","Birla_Opus_Natural_Imitations.jpg","https://assets.birlaopus.com/is/image/grasimindustries/natural-imitation-588x504?ts=1747909901385&dpr=off"
"Birla Opus | Natural Imitations","Birla_Opus_Natural_Imitations.jpg","https://assets.birlaopus.com/is/image/grasimindustries/natural-imitation-296x312?ts=1747909901260"
"Birla Opus | Damask","Birla_Opus_Damask.jpg","https://assets.birlaopus.com/is/image/grasimindustries/damask-588x504?ts=1760349158001&dpr=off"
"Birla Opus | Damask","Birla_Opus_Damask.jpg","https://assets.birlaopus.com/is/image/grasimindustries/damask-296x312?ts=1760093759709"
"In hands of palette with blue shades against blue wall. Selection of paint for walls and facades concept","In_hands_of_palette_with_blue_shades_against_blue_wall_Selection_of_paint_for_walls_and_facades_concept.jpg","https://assets.birlaopus.com/is/image/grasimindustries/colour-product-samples-aditya-birla-paint?ts=1715175387972&dpr=off"
"Birla Opus","Birla_Opus.jpg","https://assets.birlaopus.com/is/image/grasimindustries/chromatic-1200x792?ts=1747909901498&dpr=off"
"Birla Opus","Birla_Opus.jpg","https://assets.birlaopus.com/is/image/grasimindustries/chromatic-296x312?ts=1747909901542"
"Birla Opus","Birla_Opus.jpg","https://assets.birlaopus.com/is/image/grasimindustries/textilia-1200x792?ts=1747909901596&dpr=off"
"Birla Opus","Birla_Opus.jpg","https://assets.birlaopus.com/is/image/grasimindustries/textilia-296x312?ts=1747909901799"
"Birla Opus | Heritage collection","Birla_Opus_Heritage_collection.jpg","https://assets.birlaopus.com/is/image/grasimindustries/heritage-landing-1200x792?ts=1760349977738&dpr=off"
"Birla Opus | Heritage collection","Birla_Opus_Heritage_collection.jpg","https://assets.birlaopus.com/is/image/grasimindustries/heritage-landing-296x312?ts=1747919374379"
"Birla Opus | Signature collection","Birla_Opus_Signature_collection.jpg","https://assets.birlaopus.com/is/image/grasimindustries/signature-landing-1200x792?ts=1747919374407&dpr=off"
"Birla Opus | Signature collection","Birla_Opus_Signature_collection.jpg","https://assets.birlaopus.com/is/image/grasimindustries/signature-landing-296x312?ts=1747919374394"
"Birla Opus | Geometric Retreat","Birla_Opus_Geometric_Retreat.jpg","https://assets.birlaopus.com/is/image/grasimindustries/geometric-retreat-1200x792?ts=1760366521375&dpr=off"
"Birla Opus | Geometric Retreat","Birla_Opus_Geometric_Retreat.jpg","https://assets.birlaopus.com/is/image/grasimindustries/geometric-retreat-292x312?ts=1759996711677"
"Birla Opus | Timeless Damask","Birla_Opus_Timeless_Damask.jpg","https://assets.birlaopus.com/is/image/grasimindustries/timeless-damask-1200x792?ts=1760350129910&dpr=off"
"Birla Opus | Timeless Damask","Birla_Opus_Timeless_Damask.jpg","https://assets.birlaopus.com/is/image/grasimindustries/timeless-damask-292x312?ts=1759996708724"
"Birla Opus | Garden Charms","Birla_Opus_Garden_Charms.jpg","https://assets.birlaopus.com/is/image/grasimindustries/garden-charms-1200x792?ts=1760350188238&dpr=off"
"Birla Opus | Garden Charms","Birla_Opus_Garden_Charms.jpg","https://assets.birlaopus.com/is/image/grasimindustries/garden-charms-296x312?ts=1759996714698"
"products","products.jpg","https://assets.birlaopus.com/is/image/grasimindustries/bedroom-384x304?ts=1747909901871&dpr=off"
"products","products.jpg","https://assets.birlaopus.com/is/image/grasimindustries/bedroom-148x135?ts=1747909901812"
"homes","homes.jpg","https://assets.birlaopus.com/is/image/grasimindustries/living-room-384x304?ts=1747909901275&dpr=off"
"homes","homes.jpg","https://assets.birlaopus.com/is/image/grasimindustries/living-room-148x135?ts=1747909901484"
"lifestyle","lifestyle.jpg","https://assets.birlaopus.com/is/image/grasimindustries/study-room-384x304?ts=1747909901414&dpr=off"
"lifestyle","lifestyle.jpg","https://assets.birlaopus.com/is/image/grasimindustries/study-room-148x135?ts=1747909901315"
"products","products.jpg","https://assets.birlaopus.com/is/image/grasimindustries/image-2-1?ts=1738330432689&dpr=off"
"homes","homes.jpg","https://assets.birlaopus.com/is/image/grasimindustries/image-1-1?ts=1738330445370&dpr=off"
"Oh Snap!","Oh_Snap_.jpg","https://assets.birlaopus.com/is/image/grasimindustries/error?ts=1751396892897&dpr=off"
"facebook","facebook.jpg","https://assets.birlaopus.com/is/content/grasimindustries/facebook-logo-white?ts=1762513481646&dpr=off"
"instagram","instagram.jpg","https://assets.birlaopus.com/is/content/grasimindustries/instagram-logo-white?ts=1762513543743&dpr=off"
"social_share","social_share.jpg","https://assets.birlaopus.com/is/content/grasimindustries/twitter-logo-white?ts=1762513552287&dpr=off"
"youtube","youtube.jpg","https://assets.birlaopus.com/is/content/grasimindustries/youtube-logo-white?ts=1762513561649&dpr=off"
"linkedin","linkedin.jpg","https://assets.birlaopus.com/is/content/grasimindustries/linkedin-logo-white?ts=1762513569149&dpr=off"
"Birla Opus Paints Logo","Birla_Opus_Paints_Logo.jpg","https://assets.birlaopus.com/is/image/grasimindustries/footer-opus-logo-resize?ts=1740568574949&dpr=off"
"painting-services","painting_services.jpg","https://assets.birlaopus.com/is/content/grasimindustries/footer-aditya-birla?ts=1715279236144&dpr=off"
"product_119","product_119.jpg","https://assets.birlaopus.com/is/content/grasimindustries/scroll-top?ts=1724957538116"
